{
    "dump_path": ["/checkpoint/fcharton/dumped"],
    "save_periodic": [0],
    "fp16": ["true"],
    "amp": [2],
    "accumulate_gradients": [1],
    "clip_grad_norm": [5],
    
    "enc_emb_dim": [512],
    "dec_emb_dim":[512],
    "n_enc_layers": [2],
    "n_dec_layers": [2],
    "n_enc_heads": [8],
    "n_dec_heads": [8],
    "dropout": [0],
    "attention_dropout": [0],
    "share_inout_emb": ["true"],
    "sinusoidal_embeddings": ["false"],
    "optimizer": ["adam_warmup,warmup_updates=10000,lr=0.00005"],
    
    "batch_size": [64],
    "batch_size_eval": [128],
    "max_len": [512],
    "epoch_size": [300000],
    "max_epoch": [100000],
    "num_workers": [1],
    "export_data": ["false"],
    "reload_data": [""],
    "reload_size": [-1],
    "batch_load": ["false"],
    
    "env_name": ["numeric"],
    "tasks": ["numeric"],
    "env_base_seed": [-1],
    
    "eval_size": [10000],
    "min_dimension": [10],
    "max_dimension": [10],
    "max_input_coeff":[10],
    "operation": ["matrix_sum"],
    "generator": ["uniform"],
    "rectangular": ["false"],
    "output_encoding":["floatsymbol,2"],
    "input_encoding":["floatsymbol,2"],
    "max_len": [440],
    "max_output_len":[220],
    "float_tolerance": [0.05],
    "more_tolerance": ["0.02,0.01,0.005"],
    "eval_norm": ["d1"], 
    "windows":["false"],
    "eval_verbose": [0],
    "beam_eval": [1],
    "stopping_criterion": ["valid_numeric_beam_acc,60"],
    "validation_metrics": ["valid_numeric_beam_acc"]
}
