{

    "dump_path": ["/checkpoint/fcharton/dumped"],
    "save_periodic": [0],
    "fp16": ["true"],
    "amp": [2],
    "accumulate_gradients": [1],
    "clip_grad_norm": [5],
                "enc_emb_dim": [512],
		"n_enc_layers": [6],
                "n_enc_heads": [8],

		"dec_emb_dim":[512],
                "n_dec_layers": [1],
		"n_dec_heads": [8],
    "dropout": [0],
    "attention_dropout": [0],
    "share_inout_emb": ["true"],
    "sinusoidal_embeddings": ["false"],
    "optimizer": ["adam_cosine,warmup_updates=10000,lr=0.0001,min_lr=0.00001,init_period=4000000,lr_shrink=0.1,lr_shrink_min=0.1"],
    
    "batch_size": [64],
    "batch_size_eval": [128],
    "epoch_size": [300000],
    "max_epoch": [100000],
    "num_workers": [1],
    "export_data": ["false"],
    "reload_data": [""],
    "reload_size": [-1],
    "batch_load": ["false"],
    
    "env_name": ["numeric"],
    "tasks": ["numeric"],
    "env_base_seed": [-1],
    
    "eval_size": [10000],
    "max_input_coeff":[10],
    "operation": ["eigenvalues"],
    "generator": ["gaussian"],
    "eigen_distribution":["semicircle","uniform", "gaussian", "laplace","positive","positive2","marcenko"],
    "eigen_test_distribution":["semicircle"],
    "additional_test_distributions":["laplace;uniform;positive;gaussian;positive2;marcenko"],
                "max_dimension":[5],
		"min_dimension":[5],
                "output_encoding":["float,2,1000"],
                "input_encoding":["FP15,2,16"],
                "max_len":[30],
                "max_output_len":[30],
    "noisy_input":["false"],
    "sigma":[0.0],
    "float_tolerance": [0.05],
    "more_tolerance": ["0.02,0.01,0.005"],
    "eval_norm": ["d1"], 
    "windows":["false"],

    "eval_verbose": [0],
    "beam_eval": [1],
    "stopping_criterion": ["valid_numeric_beam_acc,200"],
    "validation_metrics": ["valid_numeric_beam_acc"]
}
