{
    "dump_path": ["/checkpoint/fcharton/dumped"],
    "save_periodic": [0],
    "fp16": ["true"],
    "amp": [2],
    "accumulate_gradients": [1],
    "clip_grad_norm": [5],
    
    "enc_emb_dim": [516],
    "dec_emb_dim":[512],
   	    "n_enc_layers": [6],
    	    "n_dec_layers": [1],
    "n_enc_heads": [12],
    "n_dec_heads": [8],
    "dropout": [0],
    "attention_dropout": [0],
    "share_inout_emb": ["true"],
    "sinusoidal_embeddings": ["false"],
    "optimizer": ["adam_warmup,warmup_updates=10000,lr=0.0001"],
    
    "batch_size": [64],
    "batch_size_eval": [128],
    "max_len": [512],
    "epoch_size": [300000],
    "max_epoch": [100000],
    "num_workers": [1],
    "export_data": ["false"],
    "reload_data": [""],
    "reload_size": [-1],
    "batch_load": ["false"],
    
    "env_name": ["numeric"],
    "tasks": ["numeric"],
    "env_base_seed": [-1],
    
    "eval_size": [10000],
    "min_dimension": [5],
    "max_dimension": [5],
    "max_input_coeff":[10],
    "operation": ["invert_matrix"],
    "generator": ["uniform"],
    "rectangular": ["false"],
                "output_encoding":["float,2,1000"],
                "input_encoding":["FP15,2,16"],
                "max_len":[80],
                "max_output_len":[80],
    "float_tolerance": [0.05],
    "more_tolerance": ["0.02,0.01,0.005"],
    "eval_norm": ["d1"], 
    "windows":["false"],

    "eval_verbose": [0],
    "beam_eval": [1],
    "stopping_criterion": ["valid_numeric_beam_acc,60"],
    "validation_metrics": ["valid_numeric_beam_acc"]
}
