 ,2000,2001,2002,2003,2004,2005,2006
Валовой внутренний продукт:, , , , , , , 
"   всего, млрд. руб.","7305,6","8943,6","10830,5","13243,2","17048,1","21620,1","26781,1"
"   на душу населения, тыс. руб.","49,8","61,3","74,5","91,6","118,5","151,1",188
"   в процентах к предыдущему году
   (в постоянных ценах)",110,"105,1","104,7","107,3","107,2","106,4","106,7"
Валовое накопление 1):, , , , , , , 
   млрд. руб.,"1365,7","1963,1","2169,3","2755,1","3558,9","4349,9","5415,8"
"   в процентах к предыдущему году (в постоянных
   ценах)","175,2","116,7","97,4","114,3","112,2","107,2","113,4"
Инвестиции в основной капитал:, , , , , , , 
   млрд. руб.,"1165,2","1504,7","1762,4","2186,4",2865,"3611,1","4580,5"
"   на душу населения, тыс. руб.","7,9","10,3","12,1","15,1","19,9","25,2","31,5"
"   в процентах к предыдущему году (в
   сопоставимых ценах)","117,4",110,"102,8","112,5","113,7","110,9","113,7"
   в процентах к валовому внутреннему продукту,"15,9","16,8","16,3","16,5","16,8","16,7","17,1"
Финансовые вложения организаций2):, , , , , , , 
   млрд. руб.,1245,"2429,8","2091,3","3390,5","4867,6","9209,2",14395
"   удельный вес долгосрочных финансовых
   вложений в общем объеме финансовых
   вложений, процентов","22,8","19,4","20,4","28,8","17,5","20,1","15,8"
Иностранные инвестиции в экономику России:, , , , , , , 
   млн. долл. США,10958,14258,19780,29699,40509,53651,55109
"   в процентах к предыдущему году (в фактически
   действовавших ценах)","114,6","130,1","138,7","150,1","136,4","132,4","102,7"
Степень износа основных фондов (на начало года; процентов),"39,4","41,2",44,"42,2","42,8","44,3","45,4"
Ввод в действие основных фондов:, , , , , , , 
   млрд. руб.,"843,4","1117,7","1615,1","1815,7","1972,1","2943,7",3259
"   в процентах к предыдущему году (в
   сопоставимых ценах)","125,1","118,9","107,9","112,1","111,8",111,"113,3"
"Коэффициент обновления основных фондов (в сопоставимых ценах), процентов","1,8","2,1","2,2","2,5","2,7",3,"3,3"
"Объем работ, выполненных по виду деятельности ""Cтроительство"":", , , , , , , 
   млрд. руб.,"503,8","703,8",831,"1042,7","1313,6","1754,4","2350,8"
"   в процентах к предыдущему году
   (в сопоставимых ценах)","113,5","110,4","102,9","112,8","110,1","113,2","118,1"
Ввод в действие зданий:, , , , , , , 
"   число зданий, тыс.","119,7",125,"130,8","132,5",132,"141,6",159
"   общий строительный объем зданий, млн. м3","172,4","185,4","197,6","216,3","246,1","265,4","304,2"
"   общая площадь зданий, млн. м2","44,7","47,7","49,6","53,7",60,"66,3","75,6"
Ввод в действие сооружений:, , , , , , , 
"   линии электропередачи напряжением 35 кВ
   и выше, тыс. км","2,6","2,2","2,4","2,8","2,9","2,3","2,6"
"   скважины нефтяные, тыс.","2,8","3,8","3,1",3,"3,1","3,1","3,5"
"   скважины газовые, единиц",115,245,79,206,230,160,250
"   автомобильные дороги с твердым покрытием,
   тыс. км","7,9","4,7","4,6","3,2","2,8","2,6","2,5"
"   новые железнодорожные линии, км","1,7","197,2","175,3","36,8","26,7","127,8","208,2"
"   газопроводы магистральные и отводы от них,
   тыс. км",2,"1,2","1,5","1,8","1,5","2,2","2,2"
"   нефтепроводы магистральные
   и нефтепродуктопроводы магистральные
   региональные, тыс. км","0,7",1,"1,2","1,4","1,4","0,6","0,8"
Ввод в действие объектов жилищного и социально-культурного назначения:, , , , , , , 
жилых домов, , , , , , , 
   млн. м2 общей площади,"30,3","31,7","33,8","36,4",41,"43,6","50,6"
   в процентах к предыдущему году,"94,6","104,6","106,7","107,7","112,6","106,1","116,1"
общеобразовательных учреж-дений, , , , , , , 
   тыс. ученических мест,"133,8","117,5","82,2","88,5","70,1",73,"73,4"
   в процентах к предыдущему году,"122,4","87,8",70,"107,7","79,1","104,1","100,6"
"дошкольных учреждений,", , , , , , , 
   тыс. мест,"6,8","5,7","7,3","7,7","7,3",5,20
   в процентах к предыдущему году,"154,7","83,3","127,8","105,5","95,2","68,7","в 4,0 р."
больничных учреждений, , , , , , , 
   тыс. коек,"9,5","7,6",7,"7,8","8,1",7,9
   в процентах к предыдущему году,108,"79,2","92,9","111,7",103,"87,1",128
амбулаторно-поликлинических учреждений, , , , , , , 
   тыс. посещений в смену,"24,8","21,8",22,"20,7","18,7","20,2","22,5"
   в процентах к предыдущему году,"88,5","87,8","101,2","93,8","90,6",108,"111,5"
"Число зданий, сооружений, находящихся в незавершенном строительстве, тыс.","179,7","173,4","164,6","152,3","139,2",141,"125,4"
